Acc,Pre,Rec,f1_score
0.9777657633304048,1.0,0.8650256410256411,0.927628684557853
