acc,pre,rec,F1_score
0.9769516728624534,0.8666666666666667,0.6925750317008583,0.7644018328715085
